next_review,last_review,box,EN-US,ES,FR
2025-12-08 11:05:50.446527,1767-01-01 00:00:00,2,Manuel loves playing guitar,A Manuel le encanta tocar la guitarra,Manuel adore jouer la guitare
2025-12-06 11:05:51.832008,1767-01-01 00:00:00,1,find,encuentre,trouver
2025-12-08 11:05:57.423928,1767-01-01 00:00:00,2,Do you like it?,¿Te gusta?,Tu le trouves bien?
2025-12-06 11:05:59.527526,1767-01-01 00:00:00,1,Yes is very good very good,Sí es muy bueno muy bueno,"Oui, c'est très bien, très bien"
2025-12-08 11:06:01.238944,1767-01-01 00:00:00,2,but is there more or not?,¿pero hay más o no?,mais y en a-t-il plus ou pas ?
2025-12-08 11:06:20.167754,1767-01-01 00:00:00,2,That is basically what he did,Eso es básicamente lo que hizo,C'est en gros ce qu'il a fait
2025-12-06 11:06:21.678970,1767-01-01 00:00:00,1,Check this out,Mira esto,Let's f#ing go
2025-12-08 11:06:23.231217,1767-01-01 00:00:00,2,arbitrary (adjective: Determined by impulse rather than reason; often connoting heavy-handedness.),arbitraria,arbitraire
2025-12-06 11:06:24.323461,1767-01-01 00:00:00,1,embezzlement,malversación,détournement de fonds
